{
  "managedApiConnections": {
    "azureblob": {
      "api": {
        "id": "/subscriptions/@appsetting('WORKFLOWS_SUBSCRIPTION_ID')/providers/Microsoft.Web/locations/@appsetting('WORKFLOWS_LOCATION_NAME')/managedApis/azureblob"
      },
      "connection": {
        "id": "/subscriptions/@appsetting('WORKFLOWS_SUBSCRIPTION_ID')/resourceGroups/@appsetting('WORKFLOWS_RESOURCE_GROUP_NAME')/providers/Microsoft.Web/connections/azureblob"
      },
      "connectionRuntimeUrl": "@appsetting('BLOB_CONNECTION_RUNTIMEURL')",
      "authentication": "@parameters('blob_auth')"
    }
  }
}
