{
    "definition": {
        "$schema": "https://schema.management.azure.com/providers/Microsoft.Logic/schemas/2016-06-01/workflowdefinition.json#",
        "actions": {
            "Response": {
                "type": "Response",
                "kind": "http",
                "inputs": {
                    "statusCode": 200
                },
                "runAfter": {
                    "Create_blob_(V2)": [
                        "Succeeded"
                    ]
                }
            },
            "Create_blob_(V2)": {
                "type": "ApiConnection",
                "inputs": {
                    "host": {
                        "connection": {
                            "referenceName": "azureblob"
                        }
                    },
                    "method": "post",
                    "body": "@triggerBody()",
                    "headers": {
                        "ReadFileMetadataFromServer": true
                    },
                    "path": "/v2/datasets/@{encodeURIComponent(encodeURIComponent('sacb34ucffd7en6'))}/files",
                    "queries": {
                        "folderPath": "/blobs",
                        "name": "@{utcNow()}",
                        "queryParametersSingleEncoded": true
                    }
                },
                "runAfter": {},
                "runtimeConfiguration": {
                    "contentTransfer": {
                        "transferMode": "Chunked"
                    }
                }
            }
        },
        "triggers": {
            "manual": {
                "type": "Request",
                "kind": "Http",
                "inputs": {}
            }
        },
        "contentVersion": "1.0.0.0",
        "outputs": {}
    },
    "kind": "Stateful"
}